id;account_status;last_date_update;date_created;firstname;lastname;phone_number;birth_date;birth_place;gender;family_situation;position;address
1;false;2025-05-04T14:28:36;2025-05-04T08:52:41;gratis;vivace rapide vlan;à l'insu de;2025-05-04T09:31:51;patientèle;MALE;MARIE;parce que;personnel professionnel égoïste suivant
2;true;2025-05-03T15:09:31;2025-05-04T13:26:36;à même tandis que;habile à l'exception de secouriste;responsable vorace;2025-05-04T14:07:04;adepte;MALE;MARIE;lorsque;enfoncer pour que davantage
3;true;2025-05-04T02:58:55;2025-05-04T04:53:43;attribuer ouin;trop à condition que en guise de;en vérité horrible;2025-05-04T07:49:26;vivace coac coac du moment que;MALE;MARIE;insolite à l'insu de;drelin de crainte que
4;true;2025-05-04T04:23:37;2025-05-03T23:43:38;smack prout;de façon que;personnel professionnel;2025-05-04T00:34:01;ici personnel;FEMALE;MARIE;mieux paraître;triste
5;false;2025-05-04T07:02:02;2025-05-04T07:19:12;immense actionnaire alors que;naguère;conférer smack brave;2025-05-04T00:56:48;tandis que aussitôt que au-dedans de;FEMALE;MARIE;areu areu;formuler à force de recommander
6;true;2025-05-04T02:58:31;2025-05-04T00:57:24;transformer sitôt que serviable;intégrer si équipe;rose extrêmement;2025-05-04T09:43:12;électorat ôter vu que;FEMALE;MARIE;de;quelque population du Québec entre
7;true;2025-05-04T10:55:52;2025-05-04T12:36:37;miam à l'égard de;abaisser;timide à l'instar de dring;2025-05-04T13:00:50;fonctionnaire si bien que près;FEMALE;CELIBATAIRE;candide mature;comme mature patientèle
8;true;2025-05-03T23:32:29;2025-05-04T05:26:07;chef de cuisine;au cas où expliquer de manière à ce que;aussitôt;2025-05-04T12:45:26;de sorte que;FEMALE;MARIE;mairie;d'après efficace
9;true;2025-05-04T12:32:35;2025-05-03T23:59:59;jusqu’à ce que magenta plic;tant;glouglou;2025-05-04T01:16:00;de par étudier drôlement;MALE;MARIE;surveiller parlementaire;cot cot oser terriblement
10;true;2025-05-04T09:21:25;2025-05-03T21:13:18;quand ? demeurer;repasser;plutôt gigantesque mériter;2025-05-04T04:36:28;diplomate à peine membre à vie;FEMALE;MARIE;loufoque concurrence vlan;dater triangulaire en vérité
